Filmed,Exercise
,"45 Degree Hypertension: Glute Focused"
,"Adductor Machine"
,"Alternating Kettlebell Bent Over Row"
,"Alternating Kettlebell Deficit Reverse Lunge"
,"Alternating Kettlebell Reverse Lunge"
,"Alternating Kettlebell Step Up"
,"Ankle Mobilisation"
,"Anterior Shoulder Stretch (Dumbbells)"
,"Assault Bike"
,"Assisted Back Extension"
,"Assisted Hip Airplane"
,"Assisted Leg Lowering"
,"B-Stance Barbell Hip Thrust with Mini Band"
,"B-Stance Kettlebell Glute Bridge"
,"B-Stance Leg Press"
,"Band Assisted Hamstring Stretch"
,"Band External Rotation"
,"Band Loaded Chin Up"
,"Band Loaded Close Grip Chin Up"
,"Band Loaded Close Grip Pull Up"
,"Band Loaded Neutral Grip Chin Up"
,"Band Loaded Pull Up"
,"Band Loaded Wide Grip Pull Up"
,"Band Overhead Triceps Extension"
,"Band Pec Stretch"
,"Band Quadruped Kickback (Band Underhand)"
,"Band Single Arm Standing Chest Press"
,"Band Split Stance Single Arm Hammer Curl"
,"Band Standing Chest Press"
,"Band Upright Row"
,"Band Wrist Flexion"
,"Banded Barbell Deadlift"
,"Banded Barbell RDL"
,"Banded Bird Dog - Elevated"
,"Banded Bird Dog - Isometric"
,"Banded Clamshell"
,"Banded Distraction Split Squat"
,"Banded Hip Flexor Stretch"
,"Banded KB March (Hip Flexor Focus)"
,"Banded Knee Bent Dead Bug"
,"Banded Lateral Distraction Hip Capsule Mobilisation"
,"Banded Overhead Distraction"
,"Banded Prone Chin Tuck Retraction"
,"Banded Single Hip Flexion"
,"Banded Single-Arm Bottoms Up KB Floor Press"
,"Barbell Cuban Press"
,"Barbell Curl"
,"Barbell Frog Pump w Mini Band"
,"Barbell Paused Deadlift"
,"Barbell Push Press"
,"Barbell Quad Rolling"
,"Barbell Rack Pull"
,"Barbell Rocking Box Squat"
,"Battle Rope"
,"Bear Crawl"
,"Biceps Manual Release"
,"Bilateral Shoulder Flexion"
,"Bodyweight Box Paused Squat"
,"Bodyweight Rocking Box Squat"
,"Bodyweight Squat"
,"Bosu Ball Barbell Glute Bridge w Band"
,"Bosu Rope Crunch"
,"Burpee"
,"Burpee Over Bar"
,"Cable Drag Curl"
,"Cable Fly"
,"Cable Pull Through"
,"Cable Rope Rotations (Mid Height)"
,"Cable Straight Arm Pulldown"
,"Cable Straight Bar Curl"
,"Cable Straight Bar Reverse Curl"
,"Cable/Band External Rotation Walk Outs"
,"Cable/Band Internal Rotation Walk Outs"
,"Calf Raise - Knees Bent"
,"Chair Glute Smash - Lacrosse"
,"Chest Supported Dual Cable Low Row"
,"Chest Supported Single Low Cable Row"
,"Clamshell"
,"Close Grip Dumbbell Press"
,"Close Grip Pull Up"
,"Copenhagen Plank"
,"Copenhagen Plank (Knee on Floor)"
,"Copenhagen Plank - Hip Drops"
,"DB Low Trap Raises (Incline Bench)"
,"DB Rolling Triceps Extensions"
,"Dead Hang"
,"Dead Hang Pull Up"
,"Deadmill Sprints"
,"Decline EZ Bar Triceps Extension"
,"Depth Drop"
,"Double-Leg Lateral Pogo Hops"
,"Double-Leg Pogo Hops"
,"Dowel Thoracic Extension Rockback"
,"Dowell Hip Hinge"
,"Down Dog Terminal Knee Extension"
,"Dumbbell 'I', 'Y', 'T'"
,"Dumbbell B-Stance RDL"
,"Dumbbell Bent-Over Reverse Flies"
,"Dumbbell Chest Supported Pronated Row"
,"Dumbbell External Rotation - Elbow On Knee"
,"Dumbbell Farmers Carry"
,"Dumbbell French Press"
,"Dumbbell Front Rack Carry"
,"Dumbbell Glute Bridge"
,"Dumbbell Goblet Box Squat"
,"Dumbbell Goblet Rocking Box Squat"
,"Dumbbell Hold"
,"Dumbbell I, Y, T"
,"Dumbbell Lateral Step Up"
,"Dumbbell Overhead Carry"
,"Dumbbell RDL"
,"Dumbbell Single Prone T"
,"Dumbbell Single Prone Y"
,"Dumbbell Step Up"
,"Dumbbell Suitcase Carry"
,"Dumbbell Suitcase Hold"
,"Dumbbell Swing"
,"Dumbbell Walking Lunges"
,"Dumbbell Windmill"
,"Dumbbell Wrist Extension"
,"Dumbbell Wrist Flexion"
,"Dumbbell Wrist Supination & Pronation"
,"Dumbbell Y-Raise"
,"Dumbbells To Side RDL"
,"Dynamic Hip Flexor Stretch"
,"Eccentric Sliding Leg Curl - Single-Leg Back"
,"Eccentric Standard Dip - Leg Assist"
,"Echo Bike"
,"Elbow and Knee Side Plank"
,"Elbow Side Plank with Band Hold"
,"Elbow Side Plank with Dumbbell Overhead"
,"Elevated Single-Leg Flexion With External Rotation"
,"Elliptical"
,"Erector Spinae Stretch"
,"Feet Banded Anterior Tibialis Raise"
,"Feet Elevated Glute Bridge"
,"Feet Elevated Glute Bridge w Band"
,"Fire Hydrant"
,"Flat Dumbbell Fly"
,"Flat Dumbbell Press"
,"Flat Dumbbell Triceps Extension - Neutral"
,"Flat Dumbbell Triceps Extension - Pronating"
,"Flat EZ Bar Accentuated Eccentric Press"
,"Flat EZ Bar Triceps Extension"
,"Floor Dumbbell Press"
,"Floor Dumbbell Press (Bridge Position)"
,"Floor Glute Smash - Lacrosse"
,"Flutter Kicks"
,"Foam Roller - Adductor"
,"Foam Roller - Calf"
,"Foam Roller - Chest"
,"Foam Roller - Glutes"
,"Foam Roller - Hamstring"
,"Foam Roller - Hip"
,"Foam Roller - Lateral Hip"
,"Foam Roller - Lats"
,"Foam Roller - Oblique Side Smash"
,"Foam Roller - Quad"
,"Foam Roller - Shin"
,"Foam Roller - Thoracic Spine"
,"Foam Roller - Vastus Lateralis"
,"Foam Roller Angels"
,"Foam Roller Body Saw"
,"Foam Roller Chest Opener"
,"Foam Roller Internal & External Rotations"
,"Foam Roller Thoracic Extension"
,"Foam Roller Thread The Needle"
,"Foam Roller Triceps Smash"
,"Foot Banded Anterior Tibialis Raise"
,"Foot Banded Lateral Walk"
,"Foot Doming"
,"Foot Elevated Glute Bridge"
,"Foot Elevated Glute Bridge w Band"
,"Forward Leaning OH Rope Triceps's Extensions"
,"Frog Pump"
,"Frog Pump w Mini Band"
,"Frog Stretch"
,"Front Foot Elevated Single KB Split Squat"
,"Full Kneeling Foam Roller Ankle Plantar Flexion"
,"Full Kneeling Foam Roller Quad Stretch"
,"Full Kneeling Kettlebell Halos"
,"Full-Kneeling Pallof Press"
,"Full-Kneeling Pallof Press Hold"
,"Full-Kneeling Rope Chop"
,"Full-Kneeling Rope Lift"
,"Gap and Smash - Lacrosse"
,"Global Gut Smash"
,"Glute Bridge"
,"Glute Bridge (Ball between knees)"
,"Glute Bridge Band Pull Apart"
,"Glute Bridge w Mini Band"
,"Hack Squat"
,"Half-Kneeling 45° Single Arm Pulldown"
,"Half-Kneeling Banded Y-Press"
,"Half-Kneeling Face Pull w External Rotation"
,"Half-Kneeling High Rope Face Pull"
,"Half-Kneeling Hip Flexor Stretch"
,"Half-Kneeling Kettlebell Halos"
,"Half-Kneeling Kettlebell Press"
,"Half-Kneeling Landmine Press"
,"Half-Kneeling Landmine Y Press"
,"Half-Kneeling Neutral Grip Dumbbell Press"
,"Half-Kneeling Neutral Grip High Face Pull"
,"Half-Kneeling Pallof Press"
,"Half-kneeling Pallof Press Hold"
,"Half-Kneeling Rope Chop"
,"Half-Kneeling Rope Face Pull"
,"Half-Kneeling Rope Lift"
,"Half-Kneeling Rope Single Arm Row"
,"Half-Kneeling Rotation With Dowel"
,"Half-Kneeling Rotation with Forward Lean"
,"Half-Kneeling Single Arm Band Press"
,"Half-Kneeling Wall Sweeps Facing Wall"
,"Hand Stand Wall Holds"
,"Hanging Knee Raise With Ball Between Knees"
,"Hanging Knee Raises"
,"Head Mobilisation - Lacrosse Ball"
,"Heel Elevated Kettlebell Rack Squat"
,"Heel Raise with Ball"
,"Heels Elevated Narrow Stance DB Squat"
,"High Knees"
,"Hip 90/90 Stretch"
,"Hip Capsule Mobilisation"
,"Hip External Rotation With Flexion"
,"Hip Hinge Single-Leg With Dowel"
,"Hip Hinge Stretch"
,"Hip Thrust"
,"Hip Thrust w Mini Band"
,"Hip-Banded Hip Thrust"
,"Hip-Banded Single-Leg Hip Thrust"
,"Hollow Body Hold"
,"Hollow Body Rocks"
,"Hood Mobilisation - Lacrosse Ball"
,"Horizontal Quadruped Hip Extensions"
,"I, Y, T's"
,"Ice Skaters"
,"Inchworm"
,"Incline Bench DB Prone T's"
,"Incline Bench Lateral Raise"
,"Incline Bench Press"
,"Incline Bench Rear Delt Fly"
,"Incline Bench Wide Grip BB Shrugs"
,"Incline Dumbbell Fly"
,"Incline Dumbbell Press"
,"Incline Dumbbell Triceps Extension - Neutral"
,"Incline Dumbbell Triceps Extension - Pronating"
,"Incline EZ Bar Triceps Extension"
,"Ipsilateral Dead Bug"
,"Ipsilateral Isometric Dead Bug"
,"Ipsilateral Knee Bent Dead Bug"
,"Ipsilateral Knee Bent Iso Dead Bug"
,"Ipsilateral Knee Bent Iso Dead Bug - Alternating"
,"Isometric Dead Bug"
,"Isometric Prone Back Extension"
,"Jaw Mobilisation - Lacrosse Ball"
,"Jump Rope Crossover"
,"Jump Rope Double Under"
,"Jump Rope Single Under"
,"Jumping Jacks"
,"Kettlebell Alternating Lunge"
,"Kettlebell Ankle Dorsiflexion Stretch"
,"Kettlebell Behind Hip Hinge"
,"Kettlebell Clean"
,"Kettlebell Curtsy Lunge"
,"Kettlebell Deadlift"
,"Kettlebell Deadlift to Upright Row"
,"Kettlebell Deficit Reverse Lunge"
,"Kettlebell Farmers Carry"
,"Kettlebell Front Foot Elevated Split Squat"
,"Kettlebell Glute Bridge"
,"Kettlebell Goblet Paused Box Squat"
,"Kettlebell Goblet Rocking Box Squat"
,"Kettlebell Goblet Squat."
,"Kettlebell Hold"
,"Kettlebell Lateral Step Up"
,"Kettlebell Lunge"
,"Kettlebell Overhead Carry"
,"Kettlebell Overhead Hold"
,"Kettlebell Rack Carry"
,"Kettlebell Rack Marches"
,"Kettlebell Rack Squat"
,"Kettlebell RDL"
,"Kettlebell Rear Foot Elevated Split Squat"
,"Kettlebell Reverse Lunge"
,"Kettlebell Split Squat"
,"Kettlebell Step Up"
,"Kettlebell Suitcase Carry"
,"Kettlebell Suitcase Hold"
,"Kettlebell Swing"
,"Kettlebell To Side RDL"
,"Kettlebell Walking Lunges"
,"Kettlebell Windmill"
,"Kettlebell Wrist Pronation"
,"Kettlebell Wrist Supination"
,"Kettlebells Clean and Reverse Lunge"
,"Knee Scissor Smash - Lacrosse"
,"Knee Scissor Stack and Smash - Lacrosse"
,"Kneeling Active Lat Stretch"
,"Kneeling Banded Hip Extension"
,"Kneeling Bicep Stretch"
,"Kneeling Landmine Meadows Row"
,"Kneeling Thoracic Extension"
,"Kneeling Thoracic Extension Rockback"
,"Kneeling to Standing"
,"Knees Shoulder Taps"
,"L-Lateral Raise"
,"Lacrosse Ball - Calf"
,"Lacrosse Ball - Forearm"
,"Lacrosse Ball - Glute"
,"Lacrosse Ball - Hamstring"
,"Lacrosse Ball - Lat"
,"Lacrosse Ball - Levator Scapulae"
,"Lacrosse Ball - Lower Back"
,"Lacrosse Ball - Pec"
,"Lacrosse Ball - Quad"
,"Lacrosse Ball - Shin"
,"Lacrosse Ball - Shoulder Rotator Smash"
,"Lacrosse Ball - Upper Trap"
,"Landmine B-Stance Hip Thrust"
,"Landmine RDL"
,"Landmine Rotations"
,"Landmine Single Arm Row"
,"Landmine Single-Leg Hip Thrust"
,"Landmine Single-Leg RDL"
,"Lat Pulldown"
,"Lateral Banded Dead Bug"
,"Lateral Step Up"
,"Leg Extension Machine"
,"Leg Lock Bridge"
,"Leg Lock Clam"
,"Leg Raise"
,"Levator Scapulae Stretch"
,"Loaded Chin Up"
,"Loaded Close Grip Chin Up"
,"Loaded Close Grip Pull Up"
,"Loaded Neutral Grip Chin Up"
,"Loaded Pull Up"
,"Loaded Wide Grip Pull Up"
,"Lock Big 3"
,"Low to High Cable External Rotation"
,"Lower Body Warm Up"
,"Lu Raises"
,"Lying Chest Throw"
,"Lying Figure Four Stretch"
,"Lying Knee to Chest Stretch"
,"Machine Row - Neutral"
,"Machine Row - Overhand"
,"McGill Curl Up"
,"McGill Curl Up Isometric"
,"Medial Elbow Tack and Twist"
,"Medicine Ball Crunch"
,"Medicine Ball Plank"
,"Medicine Ball Plank Alternating Knee To Chest"
,"Medicine Ball Plank Knee To Chest"
,"Medicine Ball Slam From Knees"
,"Mini Band Bodyweight Bench Press"
,"Mini Band Leg Extension"
,"Mini Band Squat"
,"Monkey Bar of Death"
,"Mountain Climbers"
,"Narrow EZ Bar Curl"
,"Neck Cars"
,"Negative Close Grip Chin Up"
,"Negative Close Grip Pull Up"
,"Negative Neutral Grip Chin Up"
,"Negative Pull Up"
,"Negative Wide Grip Pull Up"
,"Neutral Grip TRX Row"
,"Nordic Hamstring Curl"
,"Offset Band Barbell Reverse Lunge"
,"Offset Barbell Reverse Lunge"
,"Offset Carry - Kettlebell Suitcase"
,"Offset Carry - Kettlebell Suitcase, Rack"
,"Oscillatory Hip Flexor Stretch"
,"Overhead Distraction with External Bias"
,"Overhead Stretch"
,"Partner Assisted Nordic Hamstring Curl"
,"Pigeon Stretch"
,"Piriformis Stretch"
,"Plank - Shoulders 120 Degrees"
,"Plank Arm Reach"
,"Plank Band Kickback"
,"Plank Cable Row"
,"Plank Extra-Range Side-Lying Hip Abduction"
,"Plank Jacks"
,"Plank On Knees"
,"Plank Pull Through"
,"Plank with Leg Abduction"
,"Plantar Mob - Lacrosse Ball"
,"Posterior Chain Floss"
,"Posterior Chain Floss - 2"
,"Posterior Neck Mobilisation - Lacrosse Ball"
,"Pronated Grip TRX Row"
,"Prone 'T' - Elbows 90 Degrees"
,"Prone Back Extension"
,"Prone Calf Stretch"
,"Prone Chin Tuck Retraction"
,"Prone Cobra"
,"Prone Dumbbell Overhead Press On Bench"
,"Prone Overhead Press On Bench"
,"Prone Shoulder External Rotation At 90 Degree"
,"Prone T"
,"Prone Y"
,"Pull Up"
,"Quadruped ""T"""
,"Quadruped 'Y'"
,"Quadruped Ball Chin Tucks"
,"Quadruped Band ""T"""
,"Quadruped Band ""Y"""
,"Quadruped Banded Scapular Protraction"
,"Quadruped Banded Scapular Retraction"
,"Quadruped T Spine Rotations"
,"Quadruped T Spine Rotations - Lumbar Locked (Roller)"
,"Quadruped T-Spine Rotation - Lumbar Locked"
,"Rack Assisted Squat"
,"Rack Lat Stretch"
,"Rack Single Kettlebell Hold"
,"Rear Foot Elevated Split Squat"
,"Resisted Ankle Plantarflexion and Inversion"
,"Reverse Crunch"
,"Reverse Crunch On Bench"
,"Reverse Crunch On Bench with Roller"
,"Reverse Crunch With Roller"
,"Reverse Plank"
,"RKC Plank"
,"Rope Neutral Curl"
,"Rope Pressdown"
,"Rope Supinating Curl"
,"Row Erg"
,"Rower"
,"Russian Twists"
,"Scissor Jump"
,"Seated Alternating Arnold Press"
,"Seated Alternating Dumbbell Press"
,"Seated Alternating Dumbbell Zottman Curl"
,"Seated Arnold Press"
,"Seated Barbell Press"
,"Seated Bent-Over Dumbbell Reverse Fly"
,"Seated Cable Dual Pulley Row (Overhand)"
,"Seated Chin Retractions"
,"Seated Dowel Thoracic Rotations"
,"Seated Dual Pulley Face Pull"
,"Seated Dumbbell Frontal Raise"
,"Seated Dumbbell Lateral Raise"
,"Seated Dumbbell Neutral Curl"
,"Seated Dumbbell Shoulder Press"
,"Seated Dumbbell Triceps Extension"
,"Seated Dumbbell Triceps Extension - Pronating"
,"Seated EZ Bar Triceps Extension"
,"Seated Face Pull w/ External Rotation"
,"Seated Neutral Grip Cable Row"
,"Seated Neutral Grip Face Pull"
,"Seated Rope Face Pull"
,"Seated Rope Neutral Grip Pull"
,"Seated Rope Row"
,"Seated Single Arm Dumbbell Press"
,"Seated Single Arm Dumbbell Triceps Extension"
,"Seated Single Cable Pronated Row"
,"Seated Single Cable Row"
,"Seated Straight Leg Raises"
,"Seated Thoracic Rotation and Flexion"
,"Seated Trap Bar Overhead Press"
,"Seated Zottman Curl"
,"Serratus Anterior Raise"
,"Short Banded Barbell Hip Thrust"
,"Shoulder Capsule Mobilization"
,"Shoulder Rolls"
,"Shoulder Rotator (1): Smash & Floss - Lacrosse"
,"Shoulder Rotator (1): Smooth & Floss - Lacrosse"
,"Shoulder Rotator (2): Smash & Floss - Lacrosse"
,"Shoulder Rotator (2): Smooth & Floss - Lacrosse"
,"Shoulder Stretch"
,"Shoulder Taps"
,"Side Hip Smash - Lacrosse Ball"
,"Side Lying Dumbbell Abduction to 45°"
,"Side Lying Hip Raise"
,"Side Plank Clamshell"
,"Side-Lying Dumbbell External Rotation"
,"Side-Lying Dumbbell Rear Delt Raise"
,"Side-Lying Hip Abduction"
,"Side-Lying Hip Adduction"
,"Side-Lying Neck Lateral Flexion"
,"Side-Lying Quad Stretch"
,"Side-Lying Rotation - Arm Straight"
,"Side-to Side Leg Swings"
,"Singe-Leg Calf Isometrics"
,"Single Arm Cable Drag Curl"
,"Single Arm Decline Dumbbell Press"
,"Single Arm Dumbbell Floor Press"
,"Single Arm Dumbbell Press"
,"Single Arm Flat Dumbbell Press"
,"Single Arm Incline Dumbbell Press"
,"Single Arm Kettlebell Deadlift"
,"Single Arm Kettlebell Swing"
,"Single Arm Neutral Cable Curl"
,"Single Arm Neutral Dumbbell Overhead Press"
,"Single Arm Overhead Kettlebell Carry"
,"Single Arm Overhead Kettlebell Hold"
,"Single Arm Upside Down KB press"
,"Single Curl To Press"
,"Single Dumbbell Lateral Step Up"
,"Single Dumbbell Reverse Lunge/Overhead Press"
,"Single Dumbbell Step Up"
,"Single Handle Cable Curl"
,"Single Handle Neutral Cable Curl"
,"Single Handle Reverse Cable Curl"
,"Single Kettlebell Lateral Step Up"
,"Single Kettlebell Rack Carry"
,"Single Kettlebell Rack Squat"
,"Single Kettlebell RDL"
,"Single Kettlebell Reverse Lunge"
,"Single Kettlebell Reverse Lunge/Overhead Press"
,"Single Kettlebell Step Up"
,"Single Kettlebell Swing"
,"Single Leg Hamstring Curl"
,"Single Leg Hip Raise"
,"Single Leg Kettlebell Glute Bridge"
,"Single Leg RDL"
,"Single-Arm Cross-Body Tricep Extension"
,"Single-Arm Dumbbell Row - 90 Degree Abduction"
,"Single-Arm Machine Row"
,"Single-Arm Overhead Dumbbell Carry"
,"Single-Arm Overhead Dumbbell Hold"
,"Single-Arm Rope Pressdown"
,"Single-Leg Barbell Hip Thrust"
,"Single-Leg DB Glute Bridge w Mini Band"
,"Single-Leg Dumbbell Glute Bridge"
,"Single-Leg Dumbbell RDL"
,"Single-Leg Dumbbell RDL - Shin On Bench"
,"Single-Leg Elbow and Knee Side Plank"
,"Single-Leg Flexion & External Rotation"
,"Single-Leg Glute Bride w Mini Band"
,"Single-Leg Glute Bridge"
,"Single-Leg Hack Squat"
,"Single-Leg Hinge Stretch"
,"Single-Leg Hip Thrust"
,"Single-Leg Hip Thrust w Band"
,"Single-Leg Hop"
,"Single-Leg Kettlebell Glute Bridge w Band"
,"Single-Leg Kettlebell RDL"
,"Single-Leg Press (Heel Off)"
,"Single-Leg RDL (Heel elevated)"
,"Single-Leg RDL - Shin On Bench"
,"Single-Leg Straight Arm and Knee Side Plank"
,"Sink Mobilization"
,"Skater Jumps"
,"Ski Erg"
,"Skillmill"
,"Sled Drag"
,"Sled Pull"
,"Sled Push"
,"Smith Machine Hip Thrust"
,"Snatch Grip Barbell RDL"
,"Soleus Stretch"
,"Spin Bike"
,"Split Squat"
,"Split Stance Cable Single Chest Press"
,"Split Stance Pallof Press"
,"Split Stance Pallof Press Hold"
,"Split Stance Single Arm Trap 3 Raise"
,"Sprinter Calf Stretch"
,"Stairmaster"
,"Standard Dip"
,"Standard Dip - Leg Assist"
,"Standing Alternating Dumbbell Press"
,"Standing Alternating Kettlebell Press"
,"Standing Band Shoulder Press"
,"Standing Banded Clam"
,"Standing Banded Single Hip Flexion"
,"Standing Cable Cuff Lateral Raise"
,"Standing Cable Lateral Raise"
,"Standing Cable Single Lateral Raise"
,"Standing Calf Raise"
,"Standing Dual Pulley Cable Row"
,"Standing Dumbbell Calf Raise"
,"Standing Dumbbell Lateral Raise"
,"Standing Dumbbell Press"
,"Standing Dumbbell Single Calf Raise"
,"Standing Dumbbell Single-Arm Push Press"
,"Standing Figure 4 Stretch"
,"Standing Kettlebell Press"
,"Standing Kettlebell Push Press"
,"Standing Lateral Calf Stretch"
,"Standing Pallof Press"
,"Standing Pallof Press Hold"
,"Standing Posterior Chain Mob"
,"Standing Single Arm Dumbbell Press"
,"Standing Single Calf Raise"
,"Standing Single-Arm Kettlebell Press"
,"Standing TFL Stretch"
,"Star Jumps"
,"Static Lunge With Calf Raise"
,"Step Down"
,"Step Up"
,"Sternocleidomastoid Stretch"
,"Straight Arm and Knee Side Plank"
,"Straight Arm Plank"
,"Straight Arm Plank - Band Around Hips"
,"Straight Arm Plank - Shoulders 120 Degrees"
,"Straight Arm Plank Reach"
,"Straight Arm Side Plank"
,"Straight Arm Side Plank Cable Row"
,"Straight Arm Side Plank Twist"
,"Straight Arm Side Plank With Band And Hold"
,"Straight Arm Side Plank with Dumbbell Overhead"
,"Straight Bar Pressdown"
,"Straight Leg Swing"
,"Sun Salutations"
,"Super Front Rack"
,"Superfrog"
,"Supinated Bent Over Row"
,"Supine Banded Knee to Chest (Psoas Focused)"
,"Supine Biceps Femoris Stretch"
,"Supine Chin Retractions"
,"Supine From Hands Banded Hip Abduction"
,"Suprapatellar Smash and Floss - Lacrosse"
,"Swiss Ball Body Saw"
,"Swiss Ball Deadbug"
,"Swiss Ball Leg Raise"
,"Swiss Ball Plank"
,"Swiss Ball Rollouts"
,"Swiss Ball Stir The Pot"
,"T Spine Smash - Overhead"
,"T Spine Smash: Side-to-Side"
,"T-Spine Rotation with Reach"
,"T-Spine Rotation with Rib Grab"
,"Table Top Stretch"
,"Terminal Knee Extension"
,"Thoracic Spine - Peanut"
,"Thread The Needle Hold"
,"Thumb and Hand Sequence - Lacrosse Ball"
,"Thumb and Hand Smash and Floss"
,"Thumb and Hand Squeeze - Lacrosse Ball"
,"Thumb and Hand Squeeze and Floss - Lacrosse"
,"Tibialis Raise"
,"Tip Toe Walks"
,"Toe Touch Progression"
,"Toes Elevated Kettlebell RDL"
,"Towel Curls"
,"Towel Squeezes"
,"Trap Bar Pendlay Row"
,"Treadmill"
,"Treadmill Sprints"
,"Triple Bully"
,"Trunk Stability Rotation Knees Flexed"
,"TRX Hamstring Curl"
,"TRX Reverse Fly"
,"TRX Split Squat"
,"TRX Triceps Extension"
,"Tuck Jumps"
,"Two Leg Slides"
,"Two Legs Hover To Tap"
,"Underhand Chest Supported Cable Row"
,"Underhand Handle Press Down"
,"Underhand Seated Cable Row (Straight Bar)"
,"Unilateral Handle Press Down"
,"Upper Body Warm Up (Pull Focused)"
,"Upper Body Warm Up (Push Focused)"
,"Upper Trap Stretch"
,"Versaclimber"
,"Walking Calf Raises"
,"Walking Lunges"
,"Walkout"
,"Wall Ball"
,"Wall/Rack Assisted Hamstring Stretch"
,"Weighted Flutter Kicks"
,"Weighted Russian Twists"
,"Weighted Seated Heel Raise"
,"Wide Grip Pull Up"
,"Worlds Greatest Stretch"
,"Wrist Sequence - Lacrosse Ball"
